mallid,mall,state,county,geoid
1,2ND Street District,Bexar County,texas,48029
2,321 North,Broward County,florida,12011
3,4S Commons Town Center,San Diego County,california,6073
4,ABQ Uptown,Bernalillo County,new mexico,35001
5,Adirondack Outlet Mall,Washington County,new york,36115
6,Adrian Mall,Lenawee County,michigan,26091
7,Akers Mill Square,Fulton County,georgia,13121
9,Alamance Crossing,Alamance County,north carolina,37001
10,Alameda Towne Centre,Contra Costa County,california,6013
11,Alamo Quarry Market,Bexar County,texas,48029
12,Albany Mall,Montgomery County,alabama,1101
13,Alderwood,Kitsap County,washington,53035
14,Alexandria Mall,Rapides Parish,louisiana,22079
15,Algonquin Commons,McHenry County,illinois,17111
16,Almaden Plaza Shopping Center,Santa Clara County,california,6085
17,Almeda Mall,Harris County,texas,48201
19,Altamonte Mall,Orange County,florida,12095
20,Alton Square Mall,Jersey County,illinois,17083
21,Americana Manhasset,Nassau County,new york,36059
22,Amerige Heights Town Center,Orange County,california,6059
23,Anaheim Town Square,Orange County,california,6059
24,Anderson Mall,Anderson County,south carolina,45007
26,Animas Valley Mall,San Juan County,new mexico,35045
27,Annapolis Harbour Center,Anne Arundel County,maryland,24003
28,Annapolis Towne Centre at Parole,Anne Arundel County,maryland,24003
29,Antelope Valley Mall,Los Angeles County,california,6037
30,Apache Mall,Olmsted County,minnesota,27109
31,Apple Blossom Mall,Winchester city,virginia,51840
32,Arbor Place,Douglas County,georgia,13097
33,Arboretum at Great Hills,Travis County,texas,48453
34,Arden Fair,Sacramento County,california,6067
35,Arizona Center,Maricopa County,arizona,4013
36,Arizona Mills,Maricopa County,arizona,4013
37,Arlington Highlands,Tarrant County,texas,48439
38,Arnot Mall,Chemung County,new york,36015
39,Arrowhead Mall,Muskogee County,oklahoma,40101
40,Arrowhead Towne Center,Maricopa County,arizona,4013
41,Arsenal Mall,Suffolk County,massachusetts,25025
42,Arundel Mills,Baltimore city,maryland,24510
43,Asbury Park,Monmouth County,new jersey,34025
44,Asheville Mall,Buncombe County,north carolina,37021
45,Ashland Town Center,Los Angeles County,california,6037
46,Ashland Town Center,Boyd County,kentucky,21019
47,Ashtabula Towne Square,Ashtabula County,ohio,39007
48,Aspen Grove,Jefferson County,colorado,8059
49,Atlantic Station Town Center,Fulton County,georgia,13121
50,Atrium Mall,Suffolk County,massachusetts,25025
51,Auburn Mall,Worcester County,massachusetts,25027
52,Auburn Mall,Androscoggin County,maine,23001
53,Augusta Exchange,Richmond County,georgia,13245
54,Augusta Mall,Richmond County,georgia,13245
55,Aurora City Place,Washington County,maine,23029
56,Aventura Mall,Broward County,florida,12011
57,Aviation Mall,Washington County,new york,36115
58,Bal Harbour Shops,Miami-Dade County,florida,12086
59,Baldwin Hills Crenshaw Plaza,Los Angeles County,california,6037
60,Ballston Common Mall,Dinwiddie County,virginia,51053
61,Bangor Mall,Hancock County,maine,23009
62,Barefoot Landing,Chemung County,new york,36015
63,Barracks Road Shopping Center,Moody County,south dakota,46101
64,Barrett Pavilion,Cobb County,georgia,13067
65,Barton Creek Square,Travis County,texas,48453
66,Bartow Marketplace,Mercer County,new jersey,34021
67,Bassett Place,El Paso County,texas,48141
68,Battlefield Mall,Greene County,missouri,29077
69,Bay City Mall,Bay County,michigan,26017
70,Bay Park Square,Brown County,wisconsin,55009
71,Bay Plaza Shopping Center,Sussex County,virginia,51183
72,Bay Street,Contra Costa County,california,6013
73,Baybrook Mall,Galveston County,texas,48167
74,Bayfair Center,Alameda County,california,6001
75,Bayshore Mall,Humboldt County,california,6023
76,Bayshore Town Center,Waukesha County,wisconsin,55133
77,Bayside Marketplace,Miami-Dade County,florida,12086
78,Beachwood Place,Geauga County,ohio,39055
79,Beaver Valley Mall,Beaver County,pennsylvania,42007
80,Bel Air Mall,Mobile County,alabama,1097
81,Bella Terra-Huntington Beach,Orange County,california,6059
82,Belle Hall Shopping Center,Charleston County,south carolina,45019
83,Bellevue Square,King County,washington,53033
84,Bellingham Shopping,Norfolk County,massachusetts,25021
85,Bellis Fair,Whatcom County,washington,53073
86,Belmar,Denver County,colorado,8031
87,Beltway Plaza Mall,District of Columbia,district of columbia,11001
88,Berkshire Mall,Calhoun County,south carolina,45017
89,Berkshire Mall,Berks County,pennsylvania,42011
90,Beverly Center,Los Angeles County,california,6037
91,Biltmore Fashion Park,Maricopa County,arizona,4013
92,Biltmore Park Town Square,Buncombe County,north carolina,37021
93,Biltmore Square Mall,Buncombe County,north carolina,37021
94,Birchwood Mall,St. Clair County,michigan,26147
95,Birkdale Village,Mecklenburg County,north carolina,37119
96,Blackhawk Plaza,Contra Costa County,california,6013
97,Bloomingdale Court,DuPage County,illinois,17043
98,Blue Back Square,Hartford County,connecticut,9003
99,Blue Oaks Town Center,Sacramento County,california,6067
100,Boise Towne Square,Ada County,idaho,16001
101,Bon Air Center,Washington County,maine,23029
102,Bonita Lakes Mall,Lauderdale County,mississippi,28075
103,Borgata of Scottsdale,Maricopa County,arizona,4013
104,Boulevard Mall,Erie County,new york,36029
105,Bowie Town Center,Anne Arundel County,maryland,24003
106,Boynton Beach Mall,Palm Beach County,florida,12099
107,Bradley Square Mall,Bradley County,tennessee,47011
108,Braelinn Village,Fulton County,georgia,13121
109,Brambleton Town Center,Cascade County,montana,30013
110,Branson Landing,Taney County,missouri,29213
111,Brass Mill Center & Commons,New Haven County,connecticut,9009
112,Brazos River Factory Stores,Parker County,texas,48367
113,Brea Downtown,Orange County,california,6059
114,Brea Mall,Orange County,california,6059
115,Briarwood Mall,Washtenaw County,michigan,26161
116,Bridge Street Town Centre,Madison County,alabama,1089
117,Bridgeport Village,Multnomah County,oregon,41051
118,Bridgewater Commons,Somerset County,new jersey,34035
119,Bridgewater Falls,Butler County,ohio,39017
120,Brier Creek Commons,Durham County,north carolina,37063
121,Bristol Mall,Bristol city,virginia,51520
122,Broadway at the Beach,Horry County,south carolina,45051
123,Broadway Mall,Nassau County,new york,36059
124,Broadway Plaza,Contra Costa County,california,6013
125,Broadway Square,Smith County,texas,48423
126,Brookdale Center,Baltimore city,maryland,24510
127,Brookfield Square,Waukesha County,wisconsin,55133
128,Brookwood Marketplace,Fulton County,georgia,13121
129,Brookwood Square,Windham County,vermont,50025
130,Brunswick Square,Middlesex County,new jersey,34023
131,Buckhead Crossing,Appomattox County,virginia,51011
132,Buena Park Downtown,Orange County,california,6059
133,Burbank Town Center,Los Angeles County,california,6037
134,Burlington Center Mall,Burlington County,new jersey,34005
135,Burlington Mall,Middlesex County,massachusetts,25017
136,Burlington Town Center,Chittenden County,vermont,50007
137,Burnsville Center,Dakota County,minnesota,27037
138,Butler Plaza/Miracle Mile,Alachua County,florida,12001
139,Cache Valley Mall,Cache County,utah,49005
140,CambridgeSide Galleria,Suffolk County,massachusetts,25025
141,Camelback Colonnade,Maricopa County,arizona,4013
142,Camp Creek Marketplace,Clayton County,georgia,13063
143,Cannon Village,Miami-Dade County,florida,12086
144,Canton Marketplace,Cherokee County,georgia,13057
145,Canyon Center,Los Angeles County,california,6037
146,Canyon Crest Towne Centre,Orange County,california,6059
147,Cape Cod Mall,Barnstable County,massachusetts,25001
148,Capital City Mall,Dauphin County,pennsylvania,42043
149,Capital Mall,Cole County,missouri,29051
150,Capitola Mall,Santa Cruz County,california,6087
151,Carmel Mountain Plaza,San Diego County,california,6073
152,Carmel Plaza,Pacific County,washington,53049
153,Carolina Mall,Cabarrus County,north carolina,37025
154,Carolina Place,Mecklenburg County,north carolina,37119
155,Carousel Center,Onondaga County,new york,36067
156,Carrollton Crossroads,Marion County,tennessee,47115
157,Cary Towne Center,Wake County,north carolina,37183
158,Cascade Mall,Skagit County,washington,53057
159,Cascade Station,Multnomah County,oregon,41051
160,Castleton Square,Marion County,indiana,18097
161,Cedar Creek Mall,Marathon County,wisconsin,55073
162,Cedar Hills Crossing,Washington County,oregon,41067
163,Centerpoint Mall,Ventura County,california,6111
164,Centerpointe Mall,Kent County,michigan,26081
165,Central Mall,Saline County,kansas,20169
166,Central Mall,Comanche County,oklahoma,40031
167,Central Mall,Jefferson County,texas,48245
168,Central Mall Fort Smith,Sebastian County,arkansas,5131
169,Central Mall Texarkana,Miller County,arkansas,5091
170,Central Park/Marketplace/Town Ctr,Fredericksburg city,virginia,51630
171,Centre at Forestville,Anne Arundel County,maryland,24003
172,Centre at Glen Burnie,Baltimore city,maryland,24510
173,Century III Mall,Allegheny County,pennsylvania,42003
174,Cielo Vista,El Paso County,texas,48141
175,Circle Centre,Marion County,indiana,18097
176,Citadel Mall,Charleston County,south carolina,45019
177,Citadelle Plaza,Liberty County,montana,30051
178,CityCentre,Nobles County,minnesota,27105
179,CityPlace,Orange County,california,6059
180,CityPlace,Palm Beach County,florida,12099
181,CitySquare,Cumberland County,new jersey,34011
182,Clackamas Town Center,Multnomah County,oregon,41051
183,Clairemont Town Square S/C,San Diego County,california,6073
184,Clay Terrace,Hamilton County,indiana,18057
185,Clearview Mall,St. Charles Parish,louisiana,22089
186,Clearview Mall,Butler County,pennsylvania,42019
187,Clifton Park Center,Schenectady County,new york,36093
188,Coastal Grand,Horry County,south carolina,45051
189,Coastland Center,Collier County,florida,12021
190,Cobb Place,Monroe County,tennessee,47123
191,Cobblestone Court,Seneca County,new york,36099
192,Coconut Point,Lee County,florida,12071
193,Coddingtown Mall,Sonoma County,california,6097
194,College Mall,Monroe County,indiana,18105
195,College Square,Hamblen County,tennessee,47063
196,College Square Hall,Black Hawk County,iowa,19013
197,Collin Creek,Collin County,texas,48085
198,Colonial Brookwood Village,Jefferson County,alabama,1073
199,Colonial Park Mall,Dauphin County,pennsylvania,42043
200,Colonial Pinnacle at Nord Du Luc,Tangipahoa Parish,louisiana,22105
201,Colonial Pinnacle At Portofino,Jefferson County,alabama,1073
202,Colonial Promenade Beechwood,Passaic County,new jersey,34031
203,Colonie Center,Albany County,new york,36001
204,Colony Place at Plymouth,Plymouth County,massachusetts,25023
205,Colony Square Mall,Muskingum County,ohio,39119
206,Colorado Mills,Jefferson County,colorado,8059
207,Columbia Center,Benton County,washington,53005
208,Columbia Mall,Boone County,missouri,29019
209,Columbia Place,Richland County,south carolina,45079
210,Columbiana Centre,Lexington County,south carolina,45063
211,Columbiana Station,Lexington County,south carolina,45063
212,Columbus Park Crossing,Muscogee County,georgia,13215
213,Columbus Square,Franklin County,ohio,39049
214,Concord Mall,Elkhart County,indiana,18039
215,Concord Mills,Cabarrus County,north carolina,37025
216,Conestoga Mall,Hall County,nebraska,31079
217,Conyers Crossroads,Rockdale County,georgia,13247
218,CoolSprings Galleria,Williamson County,tennessee,47187
219,Copaco Shopping Center,Hartford County,connecticut,9003
220,Copley Place,Suffolk County,massachusetts,25025
221,Coral Ridge Mall,Johnson County,iowa,19103
222,Coral Square,Broward County,florida,12011
223,Cordova Mall,Escambia County,florida,12033
224,Coronado Center,Bernalillo County,new mexico,35001
225,Cosner's Corner,Fredericksburg city,virginia,51630
226,Cottonwood Mall,Bernalillo County,new mexico,35001
227,Country Club Mall,Allegany County,maryland,24001
228,Country Club Plaza,Onondaga County,new york,36067
229,Country Club Plaza,Sacramento County,california,6067
230,Countryside Plaza,DuPage County,illinois,17043
231,County Fair Mall,Yolo County,california,6113
232,Coventry Mall,Montgomery County,pennsylvania,42091
233,Crabtree Valley Mall,Wake County,north carolina,37183
234,Crestview Hills Town Center,Kenton County,kentucky,21117
235,Crestwood Court,St. Louis County,missouri,29189
236,Crocker Park/Promenade at Crocker,Lorain County,ohio,39093
237,Cross Country Plaza Shopping Ctr.,Harris County,georgia,13145
238,Cross County Shopping Center,Bronx County,new york,36005
239,Cross Creek Mall,Cumberland County,north carolina,37051
240,Crossgates Mall,Albany County,new york,36001
241,Crossings at Corona,Orange County,california,6059
242,Crossroads Bellevue,Adams County,north dakota,38001
243,Crossroads Center,Benton County,minnesota,27009
244,Crossroads Center,McLean County,illinois,17113
245,Crossroads Center Waterloo,Black Hawk County,iowa,19013
246,Crossroads Mall,Webster County,iowa,19187
247,Crossroads Mall,Oklahoma County,oklahoma,40109
248,Crossroads Mall,Raleigh County,west virginia,54081
249,Crossroads Plaza,Greenlee County,arizona,4011
250,Crown Center Shops,Wyandotte County,kansas,20209
251,Crystal Court,Beadle County,south dakota,46005
252,Crystal Mall,New London County,connecticut,9011
253,Crystal River Mall,Citrus County,florida,12017
254,Cumberland Mall,Cumberland County,new jersey,34011
255,Cumberland Mall,Fulton County,georgia,13121
256,Cumberland Mall,Fulton County,georgia,13121
257,Cumming Marketplace,Forsyth County,georgia,13117
258,Dadeland Mall,Miami-Dade County,florida,12086
259,Dakota Square,Ward County,north dakota,38101
260,Dana Park Village Square,Pinal County,arizona,4021
261,Danbury Fair,Fairfield County,connecticut,9001
262,Dare Centre,Currituck County,north carolina,37053
263,Dartmouth Mall,Bristol County,massachusetts,25005
264,Dayton Mall,Montgomery County,ohio,39113
265,Decatur Mall,Morgan County,alabama,1103
266,Deer Park Town Center,DuPage County,illinois,17043
267,Deerbrook Mall,Harris County,texas,48201
268,Deerbrook Shopping Center,Cook County,illinois,17031
269,Del Amo Fashion Center,Los Angeles County,california,6037
270,Del Mar Plaza,San Diego County,california,6073
271,Del Monte Center,Santa Cruz County,california,6087
272,Denver Pavilions,Denver County,colorado,8031
273,Denver West Village,Jefferson County,colorado,8059
274,Deptford Mall,Camden County,new jersey,34007
275,Derby Street Shoppes,Suffolk County,massachusetts,25025
276,Desert Ridge Marketplace,Maricopa County,arizona,4013
277,Desert Sky Mall,Maricopa County,arizona,4013
278,DeSoto Square,Manatee County,florida,12081
279,Destin Commons,Washington County,maine,23029
280,DeVargas Mall,Santa Fe County,new mexico,35049
281,Diamond Run Mall,Rutland County,vermont,50021
283,Dolphin Mall,Miami-Dade County,florida,12086
284,Donaldson's Crossroads,Allegheny County,pennsylvania,42003
285,Dover Commons,Kent County,delaware,10001
286,Dover Mall,Kent County,delaware,10001
287,Downtown Oak Park,Cook County,illinois,17031
288,Downtown Park Forest,Will County,illinois,17197
289,Downtown Pleasant Hill,Contra Costa County,california,6013
290,Downtown Silver Spring,District of Columbia,district of columbia,11001
291,Downtown Sunnyvale,St. Louis city,missouri,29510
292,DuBois Mall,Jefferson County,pennsylvania,42065
293,Dulles Town Center Mall,Loudoun County,virginia,51107
294,Dutch Square Mall,Richland County,south carolina,45079
295,Eagle Ridge Mall,Polk County,florida,12105
296,Eagle Rock Plaza,Los Angeles County,california,6037
297,East Gate Square,Lanier County,georgia,13173
298,East Hills Mall,Buchanan County,missouri,29021
299,East Towne Mall,Dane County,wisconsin,55025
300,Eastern Hills Mall,Erie County,new york,36029
301,Eastern Shore Centre,Baldwin County,alabama,1003
302,Eastfield Mall,Hampden County,massachusetts,25013
303,EastGate Mall,Clermont County,ohio,39025
304,Eastland Center Harper Woods,Macomb County,michigan,26099
305,Eastland Mall,McLean County,illinois,17113
306,Eastland Mall,Vanderburgh County,indiana,18163
307,Eastland Mall Columbus,Franklin County,ohio,39049
308,Eastland Mall NC,Mecklenburg County,north carolina,37119
309,Easton Town Center,Franklin County,ohio,39049
310,Eastpoint Mall,Baltimore city,maryland,24510
311,Eastridge,Santa Clara County,california,6085
312,Eastridge Mall,Natrona County,wyoming,56025
313,Eastview,Ontario County,new york,36069
314,Eastwood Mall Complex,Trumbull County,ohio,39155
315,Eastwood Towne Center,Ingham County,michigan,26065
316,Eden Prairie Center,Hennepin County,minnesota,27053
317,Eden Prairie Center,Hennepin County,minnesota,27053
318,Edgewater Mall,Harrison County,mississippi,28047
319,Edgewood Mall,Pike County,mississippi,28113
320,Edinburgh Commons,Chesapeake city,virginia,51550
321,Edison Mall,Lee County,florida,12071
322,Eisenhower Crossing,Delaware County,ohio,39041
323,El Cerrito Plaza,Contra Costa County,california,6013
324,Embarcadero Center,Contra Costa County,california,6013
325,Embry Village,DeKalb County,georgia,13089
326,Emerald Square,Providence County,rhode island,44007
327,Empire Mall,Minnehaha County,south dakota,46099
328,Enfield Square Mall,Hampden County,massachusetts,25013
329,Eton Chagrin Boulevard,Geauga County,ohio,39055
330,Everett Mall,Snohomish County,washington,53061
331,Exton Square Mall,Chester County,pennsylvania,42029
332,Factory Stores of America,Marshall County,alabama,1095
333,Fair City Mall,Fairfax County,virginia,51059
334,Fair Oaks Mall,Fairfax city,virginia,51600
335,Fair Oaks Mall,Bartholomew County,indiana,18005
336,Fairfax Corner,Fairfax city,virginia,51600
337,Fairgrounds Square Mall,Berks County,pennsylvania,42011
338,Fairlane Town Center,Wayne County,michigan,26163
339,Faneuil Hall Marketplace,Suffolk County,massachusetts,25025
340,Fashion Centre at Pentagon City,Arlington County,virginia,51013
341,Fashion Fair,Fresno County,california,6019
342,Fashion Island,Orange County,california,6059
343,Fashion Mall at Keystone,Marion County,indiana,18097
344,Fashion Place,Salt Lake County,utah,49035
345,Fashion Show,Clark County,nevada,32003
346,Fashion Square,Saginaw County,michigan,26145
347,Fashion Valley,San Diego County,california,6073
348,Fayette Mall,Fayette County,kentucky,21067
349,Fayette Pavilion,Clayton County,georgia,13063
350,Federal Plaza,Montgomery County,maryland,24031
351,Festival at Waldorf,Charles County,maryland,24017
352,Festival Bay Mall,Orange County,florida,12095
353,Fiesta Mall,Maricopa County,arizona,4013
354,Findlay Village Mall,Hancock County,ohio,39063
355,Fingerlakes Mall,Cayuga County,new york,36011
356,Firewheel Town Center,Rockwall County,texas,48397
357,First & Main Hudson,Summit County,ohio,39153
358,First Colony Mall,Fort Bend County,texas,48157
359,Five Points Mall,Grant County,indiana,18053
360,Flagstaff Mall,Coconino County,arizona,4005
361,Flamingo Pines Shopping Center,Broward County,florida,12011
362,FlatIron Crossing,Broomfield County,colorado,8014
363,Florence Mall,Boone County,kentucky,21015
364,Foothill Village,Bureau County,illinois,17011
365,Foothills Mall,Pinal County,arizona,4021
366,Foothills Mall,Blount County,tennessee,47009
367,Foothills Mall,Larimer County,colorado,8069
368,Ford City Mall,Cook County,illinois,17031
369,Forest Mall,Fond du Lac County,wisconsin,55039
370,Forest Plaza,Winnebago County,illinois,17201
371,Fort Steuben Mall,Jefferson County,ohio,39081
372,Fountains at Roseville,Sacramento County,california,6067
373,Four Seasons Town Centre,Guilford County,north carolina,37081
374,Fox River Mall,Outagamie County,wisconsin,55087
375,Fox Run Mall,Rockingham County,new hampshire,33015
376,Francis Scott Key Mall,Frederick County,maryland,24021
377,Frandor Shopping Center,Ingham County,michigan,26065
378,Franklin Mills,Philadelphia County,pennsylvania,42101
379,Freehold Raceway Mall,Monmouth County,new jersey,34025
380,Fremont Hub,Alameda County,california,6001
381,Friendly Center,Guilford County,north carolina,37081
382,Frontier Mall,Laramie County,wyoming,56021
383,Gadsden Mall,Etowah County,alabama,1055
384,Gaithersburg Square,Lake County,indiana,18089
385,Gaitway Plaza,Marion County,florida,12083
386,Gallatin Valley Mall,Gallatin County,montana,30031
387,Galleria,Ramsey County,north dakota,38071
388,Galleria At Crystal Run,Orange County,new york,36071
389,Galleria at Pittsburgh Mills,Allegheny County,pennsylvania,42003
390,Galleria at Tyler,Orange County,california,6059
391,Galleria Dallas,Dallas County,texas,48113
392,Gallery at South DeKalb,DeKalb County,georgia,13089
393,Garden City Center,Kent County,rhode island,44003
394,Gateway Fashion Mall,Los Angeles County,california,6037
395,Gateway Mall,Lane County,oregon,41039
396,Gateway Shopping Center,Travis County,texas,48453
397,Genesee Valley Center,Genesee County,michigan,26049
398,Geneva Commons,Kane County,illinois,17089
399,Georgia Square,Clarke County,georgia,13059
400,Gilbert Town Square,Pinal County,arizona,4021
401,Glenbrook Square,Allen County,indiana,18003
402,Glendale Galleria,Los Angeles County,california,6037
403,Gloster Creek Village,Amite County,mississippi,28005
404,Glynn Place,Glynn County,georgia,13127
405,GM Renaissance Center,Newport News city,virginia,51700
406,Golden East Crossing,Nash County,north carolina,37127
407,Golden Triangle Mall,Denton County,texas,48121
408,Golf Mill Shopping Center,Cook County,illinois,17031
409,Governor's Square,Leon County,florida,12073
410,Governor's Square Mall,Montgomery County,tennessee,47125
411,Grand Central Mall,Wood County,west virginia,54107
412,Grand Central Terminal,New York County,new york,36061
413,Grand Cities Mall,Grand Forks County,north dakota,38035
414,Grand Teton Mall,Bonneville County,idaho,16019
415,Grand Traverse Mall,Grand Traverse County,michigan,26055
416,Grand Traverse Mall,Grand Traverse County,michigan,26055
417,Grapevine Mills,Denton County,texas,48121
418,Great Lakes Crossing,Oakland County,michigan,26125
419,Great Lakes Mall,Geauga County,ohio,39055
420,Great Lakes Plaza,Geauga County,ohio,39055
421,Great Mall,Alameda County,california,6001
422,Great Northern Mall,Onondaga County,new york,36067
423,Great Northern Plazas,Summit County,ohio,39153
424,Great Southern Shopping Center,Washington County,maine,23029
425,Greeley Mall,Weld County,colorado,8123
426,Green Acres Mall,Queens County,new york,36081
427,Green Tree Mall,Floyd County,indiana,18043
428,Green Valley Village,Santa Cruz County,arizona,4023
429,Greenbriar Mall,Fulton County,georgia,13121
430,Greenbrier Mall,Chesapeake city,virginia,51550
431,Greendale Mall,Worcester County,massachusetts,25027
432,Greenspoint Mall,Harris County,texas,48201
433,Greenville Mall,Pitt County,north carolina,37147
434,Greenway Station,Dane County,wisconsin,55025
435,Greenwood Mall,Warren County,kentucky,21227
436,Greenwood Park Mall,Johnson County,indiana,18081
437,Gresham Station,Multnomah County,oregon,41051
438,Griffin Crossroads,Starr County,texas,48427
439,Grossmont Center,San Diego County,california,6073
440,Gulf Coast Town Center,Lee County,florida,12071
441,Gulf View Square,Pasco County,florida,12101
442,Gulfway Plaza at LaMarque,Galveston County,texas,48167
443,Gurnee Mills,McHenry County,illinois,17111
444,Gwinnett Place,Gwinnett County,georgia,13135
445,Hacienda Crossings,Alameda County,california,6001
446,Hamburg Pavilion/Hamburg Village,Fayette County,kentucky,21067
447,Hamilton Mall,Atlantic County,new jersey,34001
448,Hamilton Place,Hamilton County,tennessee,47065
449,Hamilton Town Center,Hamilton County,indiana,18057
450,Hampshire Mall,Hampshire County,massachusetts,25015
451,Hanes Mall,Forsyth County,north carolina,37067
452,Hanford Mall,Kings County,california,6031
453,Hanover Mall,Plymouth County,massachusetts,25023
454,Harbor East,Baltimore city,maryland,24510
455,Harborplace & The Gallery,Baltimore city,maryland,24510
456,Harden Ranch Plaza,Santa Cruz County,california,6087
457,Harford Mall,Harford County,maryland,24025
458,HarMar Mall,Ramsey County,minnesota,27123
459,Harrisburg Mall,Dauphin County,pennsylvania,42043
460,Haywood Mall,Greenville County,south carolina,45045
461,Heritage Mall,Benton County,oregon,41003
462,Hickory Hollow Mall,Davidson County,tennessee,47037
463,Hickory Point Mall,Macon County,illinois,17115
464,Hickory Point Mall,Macon County,illinois,17115
465,Hickory Ridge Mall,Sarasota County,florida,12115
466,Highland Mall,Travis County,texas,48453
467,Hill Country Galleria,Travis County,texas,48453
468,Hilldale Mall,Brown County,wisconsin,55009
469,Hillsdale Shopping Center,San Mateo County,california,6081
470,Hilltop Mall,Buffalo County,nebraska,31019
471,Hilltop Mall,Contra Costa County,california,6013
472,Holiday Village,Cascade County,montana,30013
473,Holly Hill Mall,Alamance County,north carolina,37001
474,Hollywood & Highland Center,Los Angeles County,california,6037
475,Holyoke Mall at Ingleside,Hampden County,massachusetts,25013
476,Honey Creek Mall,Vigo County,indiana,18167
477,Hot Springs Mall,Garland County,arkansas,5051
478,Houston County Galleria,Peach County,georgia,13225
479,Hudson Mall,Hudson County,new jersey,34017
480,Hudson Valley Mall,Ulster County,new york,36111
481,Hulen Mall,Tarrant County,texas,48439
482,Hunt Valley Towne Centre,Baltimore County,maryland,24005
483,Huntington Mall,Cabell County,west virginia,54011
484,Chambersburg Mall,Franklin County,pennsylvania,42055
485,Champions Village,Harris County,texas,48201
486,Champlain Centre,Clinton County,new york,36019
487,Chandler Fashion Center,Maricopa County,arizona,4013
488,Chandler Fashion Center,Maricopa County,arizona,4013
489,Chapel Hill Mall,Summit County,ohio,39153
490,Chapel Hill Mall,Summit County,ohio,39153
491,Chapel Hills Mall,El Paso County,colorado,8041
492,Charleston Town Center Mall,Kanawha County,west virginia,54039
493,Charlottesville Fashion Square,Charlottesville city,virginia,51540
494,Chautauqua Mall,Chautauqua County,new york,36013
495,Cherry Creek,Denver County,colorado,8031
496,Cherry Hill Mall,Philadelphia County,pennsylvania,42101
497,CherryVale Mall,Boone County,illinois,17007
498,CherryVale Mall,Boone County,illinois,17007
499,Chesapeake Center,Portsmouth city,virginia,51740
500,Chesapeake Square,Portsmouth city,virginia,51740
501,Chesterfield Mall,St. Louis County,missouri,29189
502,Chesterfield Towne Center,Richmond city,virginia,51760
503,Chico Mall,Butte County,california,6007
504,Chico Mall,Butte County,california,6007
505,Chino Spectrum Marketplace,Orange County,california,6059
506,Christiana Mall,New Castle County,delaware,10003
507,Christown Spectrum Mall,Maricopa County,arizona,4013
508,Chula Vista Center,San Diego County,california,6073
509,Chula Vista Center,San Diego County,california,6073
510,Church Street Marketplace,Chittenden County,vermont,50007
511,Illinois Centre,Cumberland County,illinois,17035
512,Imperial Valley Mall,Imperial County,california,6025
513,Independence Center,Jackson County,missouri,29095
514,Independence Mall,Plymouth County,massachusetts,25023
515,Indian Mound Mall,Licking County,ohio,39089
516,Indian River Mall,Indian River County,florida,12061
517,Indiana Mall,Indiana County,pennsylvania,42063
518,Ingram Park Mall,Bexar County,texas,48029
519,Inland Center,Orange County,california,6059
520,International Plaza,Hillsborough County,florida,12057
521,Irvine Spectrum Center,Orange County,california,6059
522,Irving Mall,Dallas County,texas,48113
523,Iverson Mall,Prince George's County,maryland,24033
524,Jacksonville Mall,Onslow County,north carolina,37133
525,Jamestown Mall,Columbia County,oregon,41009
526,Janaf Shopping Yard,Shenandoah County,virginia,51171
527,Janesville Mall,Rock County,wisconsin,55105
528,Japan Center,Marin County,california,6041
529,Jefferson Mall,Jefferson County,kentucky,21111
530,Jefferson Pointe,Allen County,indiana,18003
531,Jefferson Square,Jefferson County,arkansas,5069
532,Jefferson Valley Mall,Putnam County,new york,36079
533,Jersey Gardens,Hudson County,new jersey,34017
534,Jordan Creek Town Center,Dallas County,iowa,19049
535,Jordan Landing Shopping Center,Salt Lake County,utah,49035
537,Kaleidoscope at the Hub,Fulton County,georgia,13121
538,Kandi Mall,Kandiyohi County,minnesota,27067
539,Karcher Mall,Kitsap County,washington,53035
540,Katy Mills,Fort Bend County,texas,48157
541,Kennedy Mall,Dubuque County,iowa,19061
542,Kent Station,Tyler County,west virginia,54095
543,Kentucky Oaks Mall,McCracken County,kentucky,21145
544,Kenwood Towne Centre,Hamilton County,ohio,39061
546,Kierland Commons,Maricopa County,arizona,4013
547,Kierland Commons,Maricopa County,arizona,4013
548,Killeen Mall,Bell County,texas,48027
549,King of Prussia Mall,Montgomery County,pennsylvania,42091
550,Kings Plaza Shopping Center,Kings County,new york,36047
551,Kings Village,Santa Cruz County,california,6087
552,Kingsgate Center North & South,Lubbock County,texas,48303
553,Kingsport Town Center,Sullivan County,tennessee,47163
554,Kirkwood Mall,Burleigh County,north dakota,38015
555,Kitsap Mall,Kitsap County,washington,53035
556,Knollwood Mall,Hennepin County,minnesota,27053
557,Knoxville Center,Knox County,tennessee,47093
561,La Cumbre Plaza,Santa Barbara County,california,6083
562,La Cumbre Plaza,Santa Barbara County,california,6083
563,La Encantada,Pinal County,arizona,4021
564,La Plaza Mall,Hidalgo County,texas,48215
565,LaCenterra at Cinco Ranch,Fort Bend County,texas,48157
566,Lafayette Square,Medina County,ohio,39103
567,Laguna Hills Mall,Orange County,california,6059
568,Lake Arrowhead Village,Medina County,texas,48325
569,Lake Forest Park Towne Centre,Kitsap County,washington,53035
570,Lake Square Mall,Lake County,florida,12069
571,Lake Sumter Landing Market Square,Sumter County,florida,12119
572,Lakeforest Mall,Montgomery County,maryland,24031
573,Lakeland Plaza,Wheeler County,georgia,13309
574,Lakeland Square,Polk County,florida,12105
575,Lakeline Mall,Williamson County,texas,48491
576,Lakeline Plaza,Williamson County,texas,48491
577,Lakeline Village,Travis County,texas,48453
578,Lakeport Commons,DuPage County,illinois,17043
579,Lakeshore Mall,Hall County,georgia,13139
580,Lakeshore Mall,Highlands County,florida,12055
581,Lakeside Mall,Macomb County,michigan,26099
582,Lakeside Plaza,Douglas County,nebraska,31055
583,Lakeside Shopping Center,St. Charles Parish,louisiana,22089
584,Lakeview Square Mall,Calhoun County,michigan,26025
585,Lakewood Center,Orange County,california,6059
586,Lancaster Mall,Marion County,oregon,41047
587,Lancaster Marketplace,Los Angeles County,california,6037
588,Landmark Mall,Alexandria city,virginia,51510
589,Lansing Mall,Clinton County,michigan,26037
590,Larkridge & Larkridge South,Denver County,colorado,8031
591,Laurel Commons,Howard County,maryland,24027
592,Laurel Park Place,Wayne County,michigan,26163
593,Layton Hills Mall,Davis County,utah,49011
594,Lebanon Valley Mall,Lebanon County,pennsylvania,42075
595,Legacy Place,Norfolk County,massachusetts,25021
596,Legacy Village,Geauga County,ohio,39055
597,Lehigh Valley Mall,Lehigh County,pennsylvania,42077
598,Lenox Square,Fulton County,georgia,13121
599,Lenox Square,Fulton County,georgia,13121
600,Liberty Plaza,Philadelphia County,pennsylvania,42101
601,Liberty Tree Mall,Essex County,massachusetts,25009
602,Lima Mall,Allen County,ohio,39003
603,Lincoln Mall,Will County,illinois,17197
604,Lincoln Mall,Providence County,rhode island,44007
605,Lincoln Road Pedestrian Mall,Miami-Dade County,florida,12086
606,Lincolnshire Commons,DuPage County,illinois,17043
607,Lincolnwood Town Center,Cook County,illinois,17031
608,Lindale Mall,Linn County,iowa,19113
609,Livingston Mall,Essex County,new jersey,34013
610,Lloyd Center,Multnomah County,oregon,41051
611,Lodi Station Outlets,Medina County,ohio,39103
612,Logan Valley Mall,Blair County,pennsylvania,42013
613,Lomas Santa Fe Plaza,San Diego County,california,6073
614,Longview Mall,Gregg County,texas,48183
615,Loop/Loop West,Orange County,florida,12095
616,Los Cerritos Center,Los Angeles County,california,6037
617,Los Cerritos Center,Los Angeles County,california,6037
618,Louisiana Boardwalk,Caddo Parish,louisiana,22017
619,Lufkin Mall,Angelina County,texas,48005
620,Lycoming Mall,Lycoming County,pennsylvania,42081
621,Lynnhaven Mall,Virginia Beach city,virginia,51810
622,MacArthur Center,Portsmouth city,virginia,51740
623,MacGregor Village,Wake County,north carolina,37183
624,Mackinaw Crossings,Emmet County,michigan,26047
625,Macomb Mall Shopping Center,Macomb County,michigan,26099
626,Macon Mall,New Hanover County,north carolina,37129
627,Macy's Plaza,Pinal County,arizona,4021
628,Madison Square,Madison County,alabama,1089
629,Magic Valley Mall,Jerome County,idaho,16053
630,Magnolia Mall,Darlington County,south carolina,45031
631,Main Gate Square,Pima County,arizona,4019
632,Main Place Mall,Erie County,new york,36029
633,Main Street at Exton,Boyd County,kentucky,21019
634,Mall at The Source,Nassau County,new york,36059
635,Mall Corners Shopping Center,Gwinnett County,georgia,13135
636,Mall de las Aguilas,Maverick County,texas,48323
637,Mall del Norte,Webb County,texas,48479
638,Mall of Abilene,Taylor County,texas,48441
639,Mall of America,Ramsey County,minnesota,27123
640,"Mall of Georgia Crossing, The",Gwinnett County,georgia,13135
641,Mall of Georgia,Gwinnett County,georgia,13135
642,Mall of Louisiana,East Baton Rouge Parish,louisiana,22033
643,Mall of New Hampshire,Hillsborough County,new hampshire,33011
644,Mall of The Americas,Palm Beach County,florida,12099
645,Mall of the Bluffs,Pottawattamie County,iowa,19155
646,Mall Of The Mainland,Fort Bend County,texas,48157
647,Mall of Victor Valley,Los Angeles County,california,6037
648,Mall St. Vincent,Caddo Parish,louisiana,22017
649,Manassas Mall,Manassas city,virginia,51683
650,Manhattan Town Center,Riley County,kansas,20161
651,Manhattan Village,Los Angeles County,california,6037
652,Manchester Center,Fresno County,california,6019
653,Maplewood Mall,Ramsey County,minnesota,27123
654,Market Place Shopping Center,Champaign County,illinois,17019
655,Market Street The Woodlands,Montgomery County,texas,48339
656,MarketFair,Mercer County,new jersey,34021
657,Marketplace at Austin Bluffs,Denver County,colorado,8031
658,Markland Plaza,Howard County,indiana,18067
659,Marley Station,Anne Arundel County,maryland,24003
660,Martinsburg Mall,Brevard County,florida,12009
662,Mayfair,Waukesha County,wisconsin,55133
663,Mayfaire Town Center,New Hanover County,north carolina,37129
665,McCain Mall,Pulaski County,arkansas,5119
666,McKinley Mall,Erie County,new york,36029
667,Meadow Glen Mall,Suffolk County,massachusetts,25025
668,Meadowood Mall,Storey County,nevada,32029
669,Meadows Mall,Clark County,nevada,32003
670,Medley Centre,Wayne County,new york,36117
671,Melbourne Square,Brevard County,florida,12009
672,Memorial City Mall,Harris County,texas,48201
673,Menlo Park Mall,Middlesex County,new jersey,34023
674,Merced Mall,Merced County,california,6047
675,Mercer Mall,Polk County,florida,12105
676,Meridian Mall,Ingham County,michigan,26065
677,Merle Hay Mall,Polk County,iowa,19153
678,Merritt Square Mall,Brevard County,florida,12009
679,Mesa Mall,Mesa County,colorado,8077
680,Mesa Mall,Mesa County,colorado,8077
681,Mesilla Valley Mall,Doña Ana County,new mexico,35013
682,Metreon Shopping Centre,San Mateo County,california,6081
683,Metrocenter,Maricopa County,arizona,4013
684,Metrocenter Mall,Maricopa County,arizona,4013
685,Metrocenter Mall,Rankin County,mississippi,28121
686,Metropolis,Hendricks County,indiana,18063
687,Metropolitan,Mecklenburg County,north carolina,37119
688,Meyerland Plaza,Fort Bend County,texas,48157
689,Miami International Mall,Miami-Dade County,florida,12086
690,Miami Valley Centre Mall,Miami County,ohio,39109
691,Mid Rivers Mall,St. Charles County,missouri,29183
692,Midland Mall,Midland County,michigan,26111
693,Midland Park Mall,Midland County,texas,48329
694,Midtown Village,Tuscaloosa County,alabama,1125
695,Midway Mall,Lorain County,ohio,39093
696,Midway Mall,Camas County,idaho,16025
697,Millcreek Mall,Erie County,pennsylvania,42049
698,Miller Hill Mall,Douglas County,wisconsin,55031
699,Mizner Park,Broward County,florida,12011
700,Mondawmin Mall,Baltimore city,maryland,24510
701,Monroe Crossing,Union County,north carolina,37179
702,Monroeville Mall,Allegheny County,pennsylvania,42003
703,Montclair Plaza,Orange County,california,6059
704,Monte Vista Crossings,Wake County,north carolina,37183
705,Montebello Town Center,Los Angeles County,california,6037
706,Montgomery Mall,Montgomery County,pennsylvania,42091
707,Montgomery Village Shopping Ctr.,Sonoma County,california,6097
708,Moorestown Mall,Camden County,new jersey,34007
709,Moreno Valley Mall,Orange County,california,6059
710,Morgantown Mall,Monongalia County,west virginia,54061
711,Mount Berry Square Mall,Floyd County,georgia,13115
712,Mount Pleasant Towne Centre,Charleston County,south carolina,45019
713,Mt. Shasta Mall,Shasta County,california,6089
714,Muncie Mall,Delaware County,indiana,18035
715,Music City Mall,Grand Forks County,north dakota,38035
716,Myrtle Beach Mall,Horry County,south carolina,45051
717,Nanuet Mall,Rockland County,new york,36087
718,Natick Collection,Middlesex County,massachusetts,25017
719,National Harbor,Alexandria city,virginia,51510
720,Nebraska Crossing Factory Stores,Sarpy County,nebraska,31153
721,Neshaminy Mall,Philadelphia County,pennsylvania,42101
722,New River Valley Mall,Williamson County,tennessee,47187
723,New Towne Mall,Tuscarawas County,ohio,39157
724,Newburgh Mall,Orange County,new york,36071
725,Newgate Mall,St. Clair County,alabama,1115
726,NewPark Mall,Alameda County,california,6001
727,Newport Centre,Hudson County,new jersey,34017
728,Newport Crossing,Hudson County,new jersey,34017
729,Newport on the Levee,Hamilton County,ohio,39061
730,Newport Plaza,Hudson County,new jersey,34017
731,Nittany Mall,Centre County,pennsylvania,42027
732,North DeKalb Mall,DeKalb County,georgia,13089
733,North East Mall,Tarrant County,texas,48439
734,North Grand Mall,Story County,iowa,19169
735,North Hanover Mall,Adams County,pennsylvania,42001
736,North Hills,Wake County,north carolina,37183
737,North Point Mall,Forsyth County,georgia,13117
738,North Ridge Shopping Center,Wake County,north carolina,37183
739,North Riverside Park Mall,Cook County,illinois,17031
740,North Shore Square,St. Tammany Parish,louisiana,22103
741,North Star,Bexar County,texas,48029
742,Northbrook Court,Cook County,illinois,17031
743,NorthCross Shopping Center,Mecklenburg County,north carolina,37119
744,Northeast Plaza,Gwinnett County,georgia,13135
745,Northfield Square Mall,Kankakee County,illinois,17091
746,Northfield Stapleton,Denver County,colorado,8031
747,Northgate,Marin County,california,6041
748,Northgate Mall,Kitsap County,washington,53035
749,Northgate Mall,Hamilton County,ohio,39061
750,Northgate Mall,Hamilton County,tennessee,47065
751,Northgate Mall/Shops at Northgate,Durham County,north carolina,37063
752,Northlake Mall,Mecklenburg County,north carolina,37119
753,Northlake Mall,DeKalb County,georgia,13089
754,Northland Shopping Center,Wayne County,michigan,26163
755,Northline Commons,Madison County,texas,48313
756,NorthPark Center,Collin County,texas,48085
757,NorthPark Mall,Scott County,iowa,19163
758,Northpark Mall,Jasper County,missouri,29097
759,Northpark Mall,Rankin County,mississippi,28121
760,Northridge Fashion Center,Los Angeles County,california,6037
761,Northridge Mall,Santa Cruz County,california,6087
762,Northshore Mall,Essex County,massachusetts,25009
763,Northside Plaza,Broward County,florida,12011
764,Northtown Mall,Anoka County,minnesota,27003
765,NorthTown Mall,Spokane County,washington,53063
766,Northtowne Mall,Defiance County,ohio,39039
768,Northwest Arkansas Mall,Washington County,arkansas,5143
769,Northwest Mall,Harris County,texas,48201
770,Northwoods Mall,Charleston County,south carolina,45019
771,Northwoods Mall,Peoria County,illinois,17143
772,Norwalk Town Square,Los Angeles County,california,6037
773,Nut Tree,Solano County,california,6095
774,Oak Court Mall,Shelby County,tennessee,47157
775,Oak Hollow Mall,Guilford County,north carolina,37081
776,Oak Park Mall,Johnson County,kansas,20091
777,Oak View Mall,Douglas County,nebraska,31055
778,Oakbrook Shopping Center,Jasper County,georgia,13159
779,Oakdale Mall,Broome County,new york,36007
780,Oakland Mall,Wayne County,michigan,26163
781,Oakwood Center,Orleans Parish,louisiana,22071
782,Oakwood Mall,Garfield County,oklahoma,40047
783,Oakwood Mall,Coosa County,alabama,1037
784,Ocean County Mall,Ocean County,new jersey,34029
785,Oglethorpe Mall,Chatham County,georgia,13051
786,Ohio Valley Mall,Belmont County,ohio,39013
787,Old Capitol Town Center,Johnson County,iowa,19103
788,Old Hickory Mall,Madison County,tennessee,47113
789,Old Mill District at River Bend,Deschutes County,oregon,41017
790,Ontario Mills,Orange County,california,6059
791,Orange Park Mall,Duval County,florida,12031
792,Orland Square,Will County,illinois,17197
793,Orlando Fashion Square,Orange County,florida,12095
794,Otay Ranch Town Center,San Diego County,california,6073
795,Oviedo Marketplace,Seminole County,florida,12117
796,Owings Mills Mall,Baltimore County,maryland,24005
797,Oxford Valley Mall,Mercer County,new jersey,34021
798,Oxmoor Center,Norfolk city,virginia,51710
799,Pacific Place,Jefferson County,colorado,8059
800,Pacific View,Ventura County,california,6111
801,Paddock Mall,Marion County,florida,12083
802,Palisades Center,Rockland County,new york,36087
803,Palm Springs Mile,Miami-Dade County,florida,12086
804,Palmer Park Mall,Northampton County,pennsylvania,42095
805,Palouse Mall,Latah County,idaho,16057
806,Panama City Mall,Bay County,florida,12005
807,Panorama Mall,Los Angeles County,california,6037
808,Paradise Valley Mall,Maricopa County,arizona,4013
809,Paradise Village Gateway,Maricopa County,arizona,4013
810,Paramus Park,Bergen County,new jersey,34003
811,Park City Center,Lancaster County,pennsylvania,42071
812,Park Meadows,Denver County,colorado,8031
813,Park Place,Santa Cruz County,arizona,4023
814,Park Plaza Mall,Pulaski County,arkansas,5119
815,Park West Place,Miami-Dade County,florida,12086
816,Parkdale Mall,Orange County,texas,48361
817,Parkdale Mall,Orange County,texas,48361
818,Parkway Place Mall,Madison County,alabama,1089
819,Parmatown Mall & Plaza,Medina County,ohio,39103
820,Pasadena Town Square,Harris County,texas,48201
821,Paseo Colorado,Los Angeles County,california,6037
822,Paseo Nuevo,Santa Barbara County,california,6083
823,Patrick Henry Mall,Newport News city,virginia,51700
824,Patriot Place,Norfolk County,massachusetts,25021
825,Patton Creek,Shelby County,alabama,1117
826,Peach Shops at Byron,Peach County,georgia,13225
827,Peachtree Mall,Muscogee County,georgia,13215
828,Pearland Town Center,Harris County,texas,48201
830,Pecanland Mall,Ouachita Parish,louisiana,22073
831,Pemberton Square,Warren County,mississippi,28149
832,Pembroke Lakes Mall,Broward County,florida,12011
833,Pembroke Mall,Virginia Beach city,virginia,51810
834,Peninsula Town Center,Newport News city,virginia,51700
835,Penn Square Mall,Oklahoma County,oklahoma,40109
836,Perimeter Mall,Fulton County,georgia,13121
837,Peru Mall,LaSalle County,illinois,17099
838,Pheasant Lane Mall,Middlesex County,massachusetts,25017
839,Phillipsburg Mall,Northampton County,pennsylvania,42095
840,Phipps Plaza,Fulton County,georgia,13121
841,Piedmont Mall,Danville city,virginia,51590
842,Pier Park,Bay County,florida,12005
843,Pier Park,Bay County,florida,12005
844,Pierre Bossier Mall,Caddo Parish,louisiana,22017
845,Pike Place Market,Kitsap County,washington,53035
846,Pine Ridge Mall,Bingham County,idaho,16011
847,Pinnacle Hills Promenade,Benton County,arkansas,5007
848,Pioneer Place,Multnomah County,oregon,41051
849,Pittsford Plaza,Ontario County,new york,36069
850,Plaza at Landmark,Fairfax County,virginia,51059
851,Plaza Carolina Puerto Rico,Miami-Dade County,florida,12086
852,Plaza Del Sol,Kinney County,texas,48271
853,Plaza Fiesta,DeKalb County,georgia,13089
854,Plaza Mexico,Los Angeles County,california,6037
855,Pleasant Ridge Town Center,Pulaski County,arkansas,5119
856,Plymouth Meeting Mall,Montgomery County,pennsylvania,42091
857,Polaris Fashion Place,Delaware County,ohio,39041
858,Pony Village Mall,Coos County,oregon,41011
859,Port Charlotte Town Center,Charlotte County,florida,12015
860,Post Oak Mall,Brazos County,texas,48041
861,Potomac Mills,Prince William County,virginia,51153
862,Poughkeepsie Galleria,Dutchess County,new york,36027
863,Prescott Gateway Mall,Yavapai County,arizona,4025
864,Prien Lake Mall,Calcasieu Parish,louisiana,22019
866,Prince of Orange Mall,Orangeburg County,south carolina,45075
867,Princeton Forrestal Village,Mercer County,new jersey,34021
868,Princeton Shopping Center,Mercer County,new jersey,34021
869,Promenade at Casa Grande,Pinal County,arizona,4021
870,Promenade at Howard Hughes Center,Los Angeles County,california,6037
871,Promenade on Providence,Mecklenburg County,north carolina,37119
872,Promenade on the Peninsula,Los Angeles County,california,6037
873,Promenade Temecula,Orange County,california,6059
874,Providence MarketPlace,Wilson County,tennessee,47189
875,Providence Place,Providence County,rhode island,44007
876,Provo Towne Centre,Davis County,utah,49011
877,Pueblo Mall,Pueblo County,colorado,8101
878,Puente Hills,Orange County,california,6059
879,Quail Springs Mall,Oklahoma County,oklahoma,40109
880,Quaker Bridge Mall,Mercer County,new jersey,34021
882,Queens Center,Queens County,new york,36081
883,Queens Center,Queens County,new york,36081
884,Quincy Mall,Adams County,illinois,17001
885,Quintard Mall,Calhoun County,alabama,1015
886,Randolph Mall,Randolph County,north carolina,37151
887,Rapids Mall,Grand County,colorado,8049
888,Red Cliffs Mall,Washington County,utah,49053
889,Red Mill Commons/Red Mill Walk,Virginia Beach city,virginia,51810
890,Redmond Town Center,King County,washington,53033
891,Regency Mall,Racine County,wisconsin,55101
892,Regency Square,Richmond city,virginia,51760
893,Regency Square Mall,Duval County,florida,12031
894,Regency Square Mall,Lauderdale County,alabama,1077
895,Renaissance at Colony Park,Madison County,mississippi,28089
896,Reston Town Center,New Hanover County,north carolina,37129
897,Ridgedale Center,Hennepin County,minnesota,27053
898,Ridgeview Marketplace,Hennepin County,minnesota,27053
899,Ridgmar Mall,Tarrant County,texas,48439
900,Richardson Square Mall,Dallas County,texas,48113
901,Richland Mall,McLennan County,texas,48309
902,Richland Mall,Richland County,ohio,39139
903,Richland Mall,McLennan County,texas,48309
904,Richmond Square Mall,Wayne County,indiana,18177
905,Richmond Town Square,Geauga County,ohio,39055
906,Rimrock Mall,Yellowstone County,montana,30111
907,Rio West Mall,Apache County,arizona,4001
908,River City Marketplace,Sussex County,virginia,51183
909,River Crossing Market Place,Knox County,tennessee,47093
910,River Hills Mall,Blue Earth County,minnesota,27013
911,River Oaks Center,Lake County,indiana,18089
912,River Park,Fresno County,california,6019
913,River Park Square,Spokane County,washington,53063
914,River Ridge Mall,Lynchburg city,virginia,51680
915,River Valley Mall,Fairfield County,ohio,39045
916,Rivercenter,Crockett County,tennessee,47033
917,RiverGate Mall,Davidson County,tennessee,47037
918,Riverchase Galleria,Shelby County,alabama,1117
919,Riverside Plaza,Orange County,california,6059
920,Riverstone Plaza,Cherokee County,georgia,13057
921,RiverTown Crossings,Kent County,michigan,26081
922,Riverwalk Marketplace,Orleans Parish,louisiana,22071
923,Rock Hill Galleria,York County,south carolina,45091
924,Rockaway Townsquare,Morris County,new jersey,34027
925,Rogue Valley Mall,Jackson County,oregon,41029
926,Rolling Oaks Mall,Bexar County,texas,48029
927,Roosevelt Field,Nassau County,new york,36059
928,Roseburg Valley Mall,Douglas County,oregon,41019
929,Rosedale Center,Ramsey County,minnesota,27123
930,Ross Park Mall,Allegheny County,pennsylvania,42003
931,Rotterdam Square,Schenectady County,new york,36093
933,Rushmore Mall ,Pennington County,south dakota,46103
934,Rye Ridge Shopping Center,Huron County,ohio,39077
935,Saint Louis Galleria,St. Louis County,missouri,29189
936,Salem Center,Polk County,oregon,41053
937,Salmon Run Mall,Jefferson County,new york,36045
938,San Bruno Towne Center,San Mateo County,california,6081
939,San Jacinto Mall,Kimble County,texas,48267
940,Sandusky Mall,Washington County,maine,23029
941,Sangertown Square,Oneida County,new york,36065
942,Santa Fe Place,Santa Fe County,new mexico,35049
943,Santa Maria Town Center,San Luis Obispo County,california,6079
944,Santa Monica Place,Los Angeles County,california,6037
945,Santa Rosa Mall,Okaloosa County,florida,12091
946,Santa Rosa Plaza,Sonoma County,california,6097
947,SanTan Village,Pinal County,arizona,4021
948,Santana Row,Santa Clara County,california,6085
949,Savannah Mall,Chatham County,georgia,13051
950,Sawgrass Mills,Broward County,florida,12011
951,Sawmill Square Mall,Putnam County,new york,36079
952,Scottsdale Fashion Square,Maricopa County,arizona,4013
953,Scottsdale Pavilions,Maricopa County,arizona,4013
954,Scottsdale Quarter,Maricopa County,arizona,4013
955,Seacliff Village Shopping Center,Harris County,texas,48201
956,Seaport Village,San Diego County,california,6073
957,Security Square Mall,Baltimore city,maryland,24510
958,Selma Mall,Dallas County,alabama,1047
959,Seminole Towne Center,Seminole County,florida,12117
960,Serramonte Center,Ramsey County,minnesota,27123
961,Settlers' Green Outlet Village,Carroll County,new hampshire,33003
962,Shadow Lake Towne Center,Van Buren County,michigan,26159
963,Shawnee Mall,Pottawatomie County,oklahoma,40125
964,Shenango Valley Mall,Mercer County,pennsylvania,42085
965,Sherman Oaks Galleria,Los Angeles County,california,6037
966,Sherwood Mall,San Joaquin County,california,6077
967,Shoppes at Seaside Farms,York County,south carolina,45091
968,Shopping At The Rose,Ventura County,california,6111
969,ShoppingTown Mall,Onondaga County,new york,36067
970,Shops at North Bridge,Cook County,illinois,17031
971,Shops at Station Square,Allegheny County,pennsylvania,42003
972,Shore Mall,Atlantic County,new jersey,34001
973,Short Pump Town Center,Richmond city,virginia,51760
974,Schuylkill Mall,Berkeley County,west virginia,54003
975,Sierra Vista Mall,Fresno County,california,6019
976,Sikes Senter,Wichita County,texas,48485
977,Silver City Galleria,Bristol County,massachusetts,25005
978,Silver Lake Mall,Kootenai County,idaho,16055
979,Simi Valley Town Center,Ventura County,california,6111
980,Singing River Mall,Calcasieu Parish,louisiana,22019
981,Smith Haven Mall,Suffolk County,new york,36103
982,Solana Beach Towne Centre I-IV,Washington County,maine,23029
983,Solomon Pond Mall,Middlesex County,massachusetts,25017
984,Somersville Towne Center,Contra Costa County,california,6013
985,Sooner Mall,Cleveland County,oklahoma,40027
986,South Bay Galleria,Los Angeles County,california,6037
987,South Coast Plaza,Orange County,california,6059
988,South County Center,St. Louis city,missouri,29510
989,South Hill Mall,Pierce County,washington,53053
990,South Hills Village,Allegheny County,pennsylvania,42003
991,South Mall,Lehigh County,pennsylvania,42077
992,South Park Mall,Bexar County,texas,48029
993,South Plains Mall,Lubbock County,texas,48303
994,South Shore Plaza,Suffolk County,massachusetts,25025
995,South Side Mall,Mingo County,west virginia,54059
996,South Street Seaport,Hudson County,new jersey,34017
997,South Towne Center,Salt Lake County,utah,49035
998,Southaven Towne Center,DeSoto County,mississippi,28033
999,SouthBay Pavilion,Los Angeles County,california,6037
1000,Southbridge Mall,Cerro Gordo County,iowa,19033
1001,Southdale Center,Hennepin County,minnesota,27053
1002,Southdale Shopping Center,District of Columbia,district of columbia,11001
1003,Southern Hills Mall,Dakota County,nebraska,31043
1004,Southern Park Mall,Mahoning County,ohio,39099
1005,Southgate Mall,Missoula County,montana,30063
1006,Southgate Plaza,Union County,south carolina,45087
1007,Southgate USA,Geauga County,ohio,39055
1008,Southlake Mall,Clayton County,georgia,13063
1009,Southlake Town Square,Tarrant County,texas,48439
1010,Southland Center,Wayne County,michigan,26163
1011,Southland Mall,Terrebonne Parish,louisiana,22109
1012,Southland Mall,Miami-Dade County,florida,12086
1013,Southland Mall,Alameda County,california,6001
1014,Southland Mall,DeSoto County,mississippi,28033
1015,Southlands Town Center,Denver County,colorado,8031
1016,SouthPark Charlotte,Mecklenburg County,north carolina,37119
1017,Southpark Mall,Colonial Heights city,virginia,51570
1018,SouthPark Mall Moline,Rock Island County,illinois,17161
1019,SouthPointe Pavilions S/C,Lancaster County,nebraska,31109
1020,Southport Plaza,Horry County,south carolina,45051
1021,Southridge Mall,Waukesha County,wisconsin,55133
1022,Southridge Mall,Polk County,iowa,19153
1023,Southside Mall,Otsego County,new york,36077
1024,SouthSide Works,Allegheny County,pennsylvania,42003
1025,Southwest Plaza,Jefferson County,colorado,8059
1026,Spokane Valley Mall,Spokane County,washington,53063
1027,Spotsylvania Towne Centre,Sussex County,virginia,51183
1028,Spring Hill Mall,Kane County,illinois,17089
1029,Springfield Mall,Delaware County,pennsylvania,42045
1030,Springfield Mall,Sussex County,virginia,51183
1031,Square One Mall,Suffolk County,massachusetts,25025
1032,St. Clair Square,St. Clair County,illinois,17163
1033,St. Clair Square Mall,St. Clair County,illinois,17163
1034,St. Charles Towne Plaza,Charles County,maryland,24017
1035,St. Johns Town Center,Duval County,florida,12031
1036,St. Lawrence Centre,St. Lawrence County,new york,36089
1037,St. Louis Mills,St. Louis County,missouri,29189
1038,St. Louis Union Station,St. Louis city,missouri,29510
1039,Stamford Town Center,Westchester County,new york,36119
1040,Stamford Town Center,Westchester County,new york,36119
1041,Stanford Shopping Center,San Mateo County,california,6081
1042,Staten Island Mall,Richmond County,new york,36085
1043,Statesboro Mall,Bulloch County,georgia,13031
1044,Steeplegate Mall,Merrimack County,new hampshire,33013
1045,Stonebriar Centre,Collin County,texas,48085
1046,StoneCrest at Piper Glen,Mecklenburg County,north carolina,37119
1047,Stoneridge Shopping Center,Alameda County,california,6001
1048,Stones River Mall,Rutherford County,tennessee,47149
1049,Stonestown Galleria,San Mateo County,california,6081
1050,Stonewood Center,Los Angeles County,california,6037
1051,Stony Point Fashion Park,Richmond city,virginia,51760
1052,Streets at Tanasbourne,Washington County,oregon,41067
1053,Stroud Mall,Monroe County,pennsylvania,42089
1054,Stuyvesant Plaza,Albany County,new york,36001
1055,Sugar Land Town Square,Campbell County,wyoming,56005
1056,Sugarloaf Mills,Gwinnett County,georgia,13135
1057,Summit Mall,Summit County,ohio,39153
1058,SummitWoods Crossing,Jackson County,missouri,29095
1059,Sumter Mall,Sumter County,south carolina,45085
1060,Sundance Square,Salt Lake County,utah,49035
1061,Sunland Park Mall,El Paso County,texas,48141
1062,Sunrise Mall,Cameron County,texas,48061
1063,Sunrise Mall,Sacramento County,california,6067
1064,Sunset Mall,Tom Green County,texas,48451
1065,Sunset Plaza,Madison County,nebraska,31119
1066,Sunvalley Shopping Center,Contra Costa County,california,6013
1067,Supermall,Pierce County,washington,53053
1068,Superstition Springs Center,Pinal County,arizona,4021
1069,Susquehanna Valley Mall,Northumberland County,pennsylvania,42097
1070,Swansea Mall,Bristol County,rhode island,44001
1071,Sycamore Mall,Johnson County,iowa,19103
1072,Tackett's Mill,Prince William County,virginia,51153
1073,Tacoma Mall,Pierce County,washington,53053
1074,Tallahassee Mall,Leon County,florida,12073
1075,"Tanger Five Oaks, Sevierville Tennessee",Sevier County,tennessee,47155
1076,Tanglewood Mall,Lebanon County,pennsylvania,42075
1077,Teal Plaza,Tippecanoe County,indiana,18157
1078,Tempe Marketplace,Maricopa County,arizona,4013
1079,Temple Mall,Bell County,texas,48027
1080,Terra Vista Town Center,Orange County,california,6059
1081,The 900 Shops,Cook County,illinois,17031
1082,The Americana at Brand,Los Angeles County,california,6037
1083,The Arboretum of South Barrington,Shelby County,tennessee,47157
1084,The Arboretum Shopping Center,Windham County,connecticut,9015
1085,The Avenue at White Marsh,Baltimore city,maryland,24510
1086,The Avenue Carriage Crossing,Shelby County,tennessee,47157
1087,The Avenue East Cobb,Cobb County,georgia,13067
1088,The Avenue Forsyth,Forsyth County,georgia,13117
1089,The Avenue Murfreesboro,Rutherford County,tennessee,47149
1090,The Avenue Peachtree City,Fayette County,georgia,13113
1091,The Avenue Viera,Brevard County,florida,12009
1092,The Avenue Webb Gin,Gwinnett County,georgia,13135
1093,The Avenue West Cobb,Cobb County,georgia,13067
1094,The Avenues,Duval County,florida,12031
1095,The Bay Terrace,Morton County,north dakota,38059
1096,The Bell Tower Shops,Lee County,florida,12071
1097,The Block at Orange,Orange County,california,6059
1098,The Centre at Salisbury,Wicomico County,maryland,24045
1099,The Citadel,El Paso County,colorado,8041
1100,The Commons at Calabasas,Los Angeles County,california,6037
1101,The Commons at Federal Way,King County,washington,53033
1102,The Crossings of Spring Hill,Williamson County,tennessee,47187
1103,The Crossroads,Kalamazoo County,michigan,26077
1104,The Esplanade,St. Charles Parish,louisiana,22089
1105,The Falls,Miami-Dade County,florida,12086
1106,The Falls,Aiken County,south carolina,45003
1107,The Florida Mall,Orange County,florida,12095
1108,The Forum at Carlsbad,San Diego County,california,6073
1109,The Forum At Olympia Parkway,Bexar County,texas,48029
1110,The Friendly Center,Guilford County,north carolina,37081
1111,The Galleria,Harris County,texas,48201
1112,The Galleria at Ft. Lauderdale,Broward County,florida,12011
1113,The Galleria at Pittsburgh Mills,Allegheny County,pennsylvania,42003
1114,The Galleria at White Plains,Westchester County,new york,36119
1115,The Galleria of Mt. Lebanon,Allegheny County,pennsylvania,42003
1116,The Gallery At Market East,Philadelphia County,pennsylvania,42101
1117,The Gallery at Military Circle,Virginia Beach city,virginia,51810
1118,The Gardens Mall,Martin County,florida,12085
1119,The Gardens on El Paseo,Riverside County,california,6065
1120,The Gateway,Franklin County,idaho,16041
1121,The Glen Town Center,Cook County,illinois,17031
1122,The Great Mall of the Great Plains,Johnson County,kansas,20091
1123,The Greene,Montgomery County,ohio,39113
1124,The Grove,Los Angeles County,california,6037
1125,The Lakes Mall,Ottawa County,michigan,26139
1126,The Legends at Village West,Wyandotte County,kansas,20209
1127,The Mall at Barnes Crossing,La Paz County,arizona,4012
1128,The Mall at Cortana,East Baton Rouge Parish,louisiana,22033
1129,The Mall at Fairfield Commons,Greene County,ohio,39057
1130,The Mall at Greece Ridge,Monroe County,new york,36055
1131,The Mall at Green Hills,Davidson County,tennessee,47037
1132,The Mall at Chestnut Hill,Suffolk County,massachusetts,25025
1133,The Mall at Johnson City,Washington County,tennessee,47179
1134,The Mall at Millenia,Orange County,florida,12095
1135,The Mall at Partridge Creek,Macomb County,michigan,26099
1136,The Mall at Prince Georges,District of Columbia,district of columbia,11001
1137,The Mall at Robinson,Allegheny County,pennsylvania,42003
1138,The Mall at Shelter Cove,Beaufort County,south carolina,45013
1139,The Mall at Short Hills,Union County,new jersey,34039
1140,The Mall at Short Hills,Union County,new jersey,34039
1141,The Mall at Sierra Vista,Santa Cruz County,arizona,4023
1142,The Mall at Steamtown,Lackawanna County,pennsylvania,42069
1143,The Mall at Stonecrest,Rockdale County,georgia,13247
1144,The Mall at Turtle Creek,Craighead County,arkansas,5031
1145,The Mall at Tuttle Crossing,Franklin County,ohio,39049
1146,The Mall at Wellington Green,Palm Beach County,florida,12099
1147,The Mall at Wellington Green,Palm Beach County,florida,12099
1148,The Mall at Whitney Field,Middlesex County,massachusetts,25017
1149,The Mall in Columbia,Howard County,maryland,24027
1150,The Mall of Acadiana,Lafayette Parish,louisiana,22055
1151,The Mall of Monroe,Monroe County,michigan,26115
1152,The Mall of Victor Valley,Davis County,utah,49011
1153,The Market Common,Horry County,south carolina,45051
1154,The Market Place,Orange County,california,6059
1155,The Marketplace at Factoria,King County,washington,53033
1156,The Marketplace Mall,Ontario County,new york,36069
1157,The McHenry Village,Stanislaus County,california,6099
1158,The Meadows at Lake Saint Louis,St. Charles County,missouri,29183
1159,The Oaks,Ventura County,california,6111
1160,The Oaks Mall,Alachua County,florida,12001
1161,The Oaks Mall,Alachua County,florida,12001
1162,The Oaks Shopping Center,Rutherford County,tennessee,47149
1163,The Orchard Town Center,Broomfield County,colorado,8014
1164,The Orchards Mall,Van Buren County,michigan,26159
1165,The Parks at Arlington,Tarrant County,texas,48439
1166,The Pavilions at Talking Stick,Maricopa County,arizona,4013
1167,The Pier Shops at Caesars,Atlantic County,new jersey,34001
1168,The Plaza at Buckland Hills,Hartford County,connecticut,9003
1169,The Plaza at Robinson Town Centre,Allegheny County,pennsylvania,42003
1170,The Plaza Mall,DuPage County,illinois,17043
1171,The Promenade at Sagemore,Camden County,new jersey,34007
1172,The Promenade at Westlake,Ventura County,california,6111
1173,The Promenade Bolingbrook,DuPage County,illinois,17043
1174,The Promenade Shops at Briargate,El Paso County,colorado,8041
1175,The Promenade Shops at Centerra,Boulder County,colorado,8013
1176,The Promenade Shops at Clifton,Essex County,new jersey,34013
1177,The Promenade Shops at Dos Lagos,Orange County,california,6059
1178,The Promenade Shops at Evergreen Walk,Hartford County,connecticut,9003
1179,The Promenade Shops at Saucon Valley,Lehigh County,pennsylvania,42077
1180,The Rim,Kendall County,texas,48259
1181,The River at Rancho Mirage,Riverside County,california,6065
1182,The Shoppes at Arbor Lakes,Hennepin County,minnesota,27053
1183,The Shoppes at Blackstone Valley,Worcester County,massachusetts,25027
1184,The Shoppes at Buckland Hills,Hartford County,connecticut,9003
1185,The Shoppes at EastChase,Montgomery County,alabama,1101
1186,The Shoppes at Farmington Valley,Hartford County,connecticut,9003
1187,The Shoppes at Grand Prairie,Peoria County,illinois,17143
1188,The Shoppes at Chino Hills,Orange County,california,6059
1189,The Shoppes at Montage,Lackawanna County,pennsylvania,42069
1190,The Shoppes at River Crossing,Bibb County,georgia,13021
1191,The Shoppes at Warehouse Row,Hamilton County,tennessee,47065
1192,The Shops at Anaheim GardenWalk,Orange County,california,6059
1193,The Shops at Arbor Walk,Travis County,texas,48453
1194,The Shops at Atlas Park,Clearfield County,pennsylvania,42033
1195,The Shops at Canal Place,Orleans Parish,louisiana,22071
1196,The Shops at Dos Lagos,Orange County,california,6059
1197,The Shops at Gainey Village,Maricopa County,arizona,4013
1198,The Shops at Greenridge,Laurens County,south carolina,45059
1199,The Shops at Ithaca Mall,Tompkins County,new york,36109
1200,The Shops at La Cantera,Bexar County,texas,48029
1201,The Shops at La Jolla,San Diego County,california,6073
1202,The Shops at Legacy,Collin County,texas,48085
1203,The Shops at Liberty Place,Philadelphia County,pennsylvania,42101
1204,The Shops at Mission Viejo,Orange County,california,6059
1205,The Shops at Montebello,Los Angeles County,california,6037
1206,The Shops at Norterra,Maricopa County,arizona,4013
1207,The Shops at North Bridge,Macomb County,michigan,26099
1208,The Shops at Pembroke Gardens,Broward County,florida,12011
1209,The Shops at Prudential Center,Suffolk County,massachusetts,25025
1210,The Shops at Riverside,Bergen County,new jersey,34003
1211,The Shops at Sunset Place,Miami-Dade County,florida,12086
1212,The Shops at Tanforan,San Mateo County,california,6081
1213,The Shops at the Mart,Cook County,illinois,17031
1214,The Shops at Waldorf Center,Medina County,ohio,39103
1215,The Shops at White Oak Village,Bath County,kentucky,21011
1216,The Shops at Willow Bend,Dallas County,texas,48113
1217,The Shops at Wiregrass,Pasco County,florida,12101
1218,The Shops of Grand Avenue,Outagamie County,wisconsin,55087
1219,The Shops of Legacy,Douglas County,nebraska,31055
1220,The Shops of Saddle Creek,Shelby County,tennessee,47157
1221,The Somerset Collection,Oakland County,michigan,26125
1222,The Streets at SouthGlenn,Denver County,colorado,8031
1223,The Streets at Southpoint,Durham County,north carolina,37063
1224,The Streets of Indian Lake,Sumner County,tennessee,47165
1225,The Summit Birmingham,Jefferson County,alabama,1073
1226,The Tucson Mall,Pima County,arizona,4019
1227,The Village at Allen,Collin County,texas,48085
1228,The Village at Corte Madera,Marin County,california,6041
1229,The Village at Corte Madera,Marin County,california,6041
1230,The Village at Fairview,Collin County,texas,48085
1231,The Village at Leesburg,Jefferson County,alabama,1073
1232,The Village at Orange,Orange County,california,6059
1233,The Village of Rochester Hills,Oakland County,michigan,26125
1234,The Village Shoppes,Norfolk County,massachusetts,25021
1235,The Village Shopping Center,Denver County,colorado,8031
1236,The Waterside at Marina Del Rey,Los Angeles County,california,6037
1237,The Westchester,Westchester County,new york,36119
1238,The Wharf,Baldwin County,alabama,1003
1239,The Woodlands Mall,Montgomery County,texas,48339
1240,Three Rivers Mall,Shasta County,california,6089
1241,Time Warner-Shops @ Columbus Circle,New York County,new york,36061
1242,Tippecanoe Mall,Tippecanoe County,indiana,18157
1243,Tippecanoe Plaza,Tippecanoe County,indiana,18157
1244,Tower City Center,Cuyahoga County,ohio,39035
1245,Tower Square,Hampden County,massachusetts,25013
1246,Town & Country,Montgomery County,ohio,39113
1247,Town & Country Village,Caledonia County,vermont,50005
1248,Town Center at Aurora,Denver County,colorado,8031
1249,Town Center at Boca Raton,Broward County,florida,12011
1250,Town Center at Cobb,Cobb County,georgia,13067
1251,Town Center Corte Madera,Marin County,california,6041
1253,Town Center Plaza,Johnson County,kansas,20091
1254,Town East Mall,Dallas County,texas,48113
1255,Towne Center at Cedar Lodge,East Baton Rouge Parish,louisiana,22033
1256,Towne East Square,Sedgwick County,kansas,20173
1257,Towne Mall,Hardin County,kentucky,21093
1258,Towne Mall,Warren County,ohio,39165
1259,Towne Square Mall,Daviess County,kentucky,21059
1260,Towne West Square,Sedgwick County,kansas,20173
1261,TownMall of Westminster,Carroll County,maryland,24013
1262,Towson Town Center,Baltimore County,maryland,24005
1263,Treasure Coast Square,Martin County,florida,12085
1264,Treasure Valley Marketplace,Canyon County,idaho,16027
1265,Triangle Town Center,Wake County,north carolina,37183
1266,Tri-County Mall,Hamilton County,ohio,39061
1267,Trolley Square,Salt Lake County,utah,49035
1268,Tulsa Promenade,Tulsa County,oklahoma,40143
1269,Turtle Creek Mall,Forrest County,mississippi,28035
1270,Twelve Oaks Mall,Oakland County,michigan,26125
1271,Twenty Ninth Street,Boulder County,colorado,8013
1272,Twin Peaks Mall,Broomfield County,colorado,8014
1273,Tyrone Square Mall,Pinellas County,florida,12103
1274,Tysons Corner Center,Falls Church city,virginia,51610
1275,Tysons Galleria,Fairfax city,virginia,51600
1276,Underground Atlanta,Fulton County,georgia,13121
1277,Union Station Atlanta,Spartanburg County,south carolina,45083
1278,Uniontown Mall,Fayette County,pennsylvania,42051
1279,Universal CityWalk,Los Angeles County,california,6037
1280,Universal Shopping Center,Macomb County,michigan,26099
1281,University Mall,Orange County,north carolina,37135
1282,University Mall,Tuscaloosa County,alabama,1125
1283,University Mall,Escambia County,florida,12033
1284,University Mall,Jefferson County,new york,36045
1285,University Mall,Chittenden County,vermont,50007
1286,University Mall Carbondale,Jackson County,illinois,17077
1287,University Park Mall,St. Joseph County,indiana,18141
1288,University Park Village,Tarrant County,texas,48439
1289,University Village,Platte County,nebraska,31141
1290,Upper Valley Mall,Clark County,ohio,39023
1291,Uptown Park,Harris County,texas,48201
1292,Uptown Village at Cedar Hill,Salt Lake County,utah,49035
1293,Utica Square Shopping Center,Tulsa County,oklahoma,40143
1294,Valdosta Mall,Lowndes County,georgia,13185
1295,Valencia Marketplace,Los Angeles County,california,6037
1296,Vallco Shopping Mall,Santa Clara County,california,6085
1297,Valle Vista Mall,Cameron County,texas,48061
1298,Valley Fair Mall,Gooding County,idaho,16047
1299,Valley Hills Mall,Catawba County,north carolina,37035
1300,Valley Mall,Harrisonburg city,virginia,51660
1301,Valley Mall,Washington County,maryland,24043
1302,Valley Mall,Salt Lake County,utah,49035
1303,Valley River Center,Lane County,oregon,41039
1304,Valley Square,Bucks County,pennsylvania,42017
1305,Valley View Center,Dallas County,texas,48113
1306,Valley View Center,Dallas County,texas,48113
1307,Valley View Mall,Roanoke city,virginia,51770
1308,Valley View Mall,La Crosse County,wisconsin,55063
1309,Valley View Mall,Clay County,florida,12019
1310,Valley West Mall,Polk County,iowa,19153
1311,Vestavia Hills City Center,Horry County,south carolina,45051
1312,Victoria Gardens,Orange County,california,6059
1313,Victoria Mall,Navarro County,texas,48349
1314,Viewmont Mall,Lackawanna County,pennsylvania,42069
1315,Villa Marina Marketplace,Los Angeles County,california,6037
1316,Village at Sandhill,Richland County,south carolina,45079
1317,Village Crossing,Cook County,illinois,17031
1318,Village Mall,Lee County,alabama,1081
1319,Village of Merrick Park,Miami-Dade County,florida,12086
1320,Village Pointe,Seward County,nebraska,31159
1321,Vintage Faire Mall,Stanislaus County,california,6099
1322,Vintage Oaks At Novato,Marin County,california,6041
1323,Vintage Park,Harris County,texas,48201
1324,Virginia Center Commons,Hanover County,virginia,51085
1325,Visalia Mall,Tulare County,california,6107
1326,Vista Ridge Mall,Dallas County,texas,48113
1327,Volusia Mall,Volusia County,florida,12127
1328,Voorhees Town Center,Camden County,new jersey,34007
1331,Walden Galleria,Erie County,new york,36029
1332,Walnut Square,Whitfield County,georgia,13313
1333,Walt Whitman Mall,Nassau County,new york,36059
1335,Ward Parkway Center,Johnson County,kansas,20091
1336,Wareham Crossing,Plymouth County,massachusetts,25023
1337,Warwick Mall,Kent County,rhode island,44003
1338,Washington Crown Center,Washington County,pennsylvania,42125
1339,Washington Park Mall,Washington County,oklahoma,40147
1340,Washington Square,Washington County,oregon,41067
1341,Washington Square,Marion County,indiana,18097
1342,Washingtonian Center,Montgomery County,maryland,24031
1343,Water Tower Place,Cook County,illinois,17031
1344,Waterford Lakes Town Center,Orange County,florida,12095
1345,Waterford Lakes Town Center,San Juan County,washington,53055
1346,Waterfront Towne Center,Allegheny County,pennsylvania,42003
1347,Waterworks Mall,Allegheny County,pennsylvania,42003
1348,Watters Creek at Montgomery Farm,Prentiss County,mississippi,28117
1349,Wausau Center,Marathon County,wisconsin,55073
1350,Weberstown Mall,San Joaquin County,california,6077
1351,Wenatchee Valley Mall,Kittitas County,washington,53037
1352,West Acres Shopping Center,Clay County,minnesota,27027
1353,West County Center,St. Louis city,missouri,29510
1354,West Manchester Mall,Cullman County,alabama,1043
1355,West Oaks Mall,Orange County,florida,12095
1356,West Oaks Mall Houston,Fort Bend County,texas,48157
1357,West Park Mall,Cape Girardeau County,missouri,29031
1358,West Ridge Mall,Shawnee County,kansas,20177
1359,West Town Mall,Knox County,tennessee,47093
1360,West Towne Mall,Dane County,wisconsin,55025
1361,West Valley Mall,San Joaquin County,california,6077
1362,Westdale Mall,Linn County,iowa,19113
1363,Westfarms,Hartford County,connecticut,9003
1364,Westfield  Louis Joliet Shopping Centre,Will County,illinois,17197
1365,Westfield  Solano Shopping Centre,Solano County,california,6095
1366,Westfield Annapolis Shopping Centre,Anne Arundel County,maryland,24003
1367,Westfield Belden Village Shopping Centre,Stark County,ohio,39151
1368,Westfield Brandon Shopping Centre,Hillsborough County,florida,12057
1369,Westfield Broward Shopping Centre,Broward County,florida,12011
1370,Westfield Capital Shopping Centre,Thurston County,washington,53067
1371,Westfield Century City,Los Angeles County,california,6037
1372,Westfield Citrus Park Shopping Centre,Pinellas County,florida,12103
1373,Westfield Connecticut Post Shopping Centre,New Haven County,connecticut,9009
1374,Westfield Countryside Shopping Centre,Pinellas County,florida,12103
1375,Westfield Culver City Mall,Los Angeles County,california,6037
1376,Westfield Downtown Plaza Shopping Centre,Sacramento County,california,6067
1377,Westfield Eastland,Los Angeles County,california,6037
1378,Westfield Eastridge Shopping Centre,Gaston County,north carolina,37071
1379,Westfield Fashion Square Shopping Centre,Los Angeles County,california,6037
1380,Westfield Fox Valley Shopping Centre,DuPage County,illinois,17043
1381,Westfield Franklin Park Shopping Centre,Lucas County,ohio,39095
1382,Westfield Galleria at Roseville,Sacramento County,california,6067
1383,Westfield Garden State Plaza,Bergen County,new jersey,34003
1384,Westfield Gateway Shopping Centre,Lancaster County,nebraska,31109
1385,Westfield Great Northern Shopping Centre,Lorain County,ohio,39093
1386,Westfield Hawthorn Shopping Centre,McHenry County,illinois,17111
1387,Westfield Horton Plaza Shopping Centre,San Diego County,california,6073
1388,Westfield Chicago Ridge Shopping Centre,Cook County,illinois,17031
1389,Westfield MainPlace Shopping Centre,Orange County,california,6059
1390,Westfield Meriden Shopping Centre,New Haven County,connecticut,9009
1391,Westfield Mission Valley Shopping Centre,San Diego County,california,6073
1392,Westfield Montgomery,Montgomery County,maryland,24031
1393,Westfield North County Shopping Centre,San Diego County,california,6073
1394,Westfield Oakridge Shopping Centre,Santa Clara County,california,6085
1395,Westfield Old Orchard,Cook County,illinois,17031
1396,Westfield Palm Desert Shopping Centre,Riverside County,california,6065
1397,Westfield Parkway,San Diego County,california,6073
1398,Westfield Plaza Bonita Shopping Centre,San Diego County,california,6073
1399,Westfield Plaza Camino Real,San Diego County,california,6073
1400,Westfield Promenade,Los Angeles County,california,6037
1401,Westfield San Francisco Centre,San Mateo County,california,6081
1402,Westfield Santa Anita Shopping Centre,Los Angeles County,california,6037
1403,Westfield Sarasota Square Shopping Center,Sarasota County,florida,12115
1404,Westfield South Shore Shopping Centre,Nassau County,new york,36059
1405,Westfield Southcenter Shopping Centre,King County,washington,53033
1406,Westfield Southgate Shopping Centre,Sarasota County,florida,12115
1407,Westfield Southlake,Lake County,indiana,18089
1408,Westfield SouthPark Shopping Centre,Medina County,ohio,39103
1409,Westfield Sunrise Shopping Centre,Nassau County,new york,36059
1410,Westfield Topanga,Los Angeles County,california,6037
1411,Westfield Trumbull Shopping Centre,Fairfield County,connecticut,9001
1412,Westfield UTC,San Diego County,california,6073
1413,Westfield Valencia Town Center Shopping Centre,Los Angeles County,california,6037
1414,Westfield Valley Fair,Santa Clara County,california,6085
1415,Westfield Vancouver Shopping Centre,Clark County,washington,53011
1416,Westfield West Covina Shopping Centre,Los Angeles County,california,6037
1417,Westfield Westland Shopping Centre,Miami-Dade County,florida,12086
1418,Westfield Wheaton Shopping Centre,District of Columbia,district of columbia,11001
1419,Westgate City Center,Maricopa County,arizona,4013
1420,Westgate Mall,Norfolk County,massachusetts,25021
1421,WestGate Mall,Spartanburg County,south carolina,45083
1422,Westgate Mall,Northampton County,pennsylvania,42095
1423,Westgate Mall Amarillo,Potter County,texas,48375
1424,Westlake Center,Costilla County,colorado,8023
1425,Westland Center,Wayne County,michigan,26163
1426,Westland Mall,Des Moines County,iowa,19057
1427,Westland Mall,Montgomery County,maryland,24031
1428,Westminster Mall,Orange County,california,6059
1429,Westmoreland Mall,Westmoreland County,pennsylvania,42129
1430,Westroads Mall,Douglas County,nebraska,31055
1431,WestShore Plaza,Hillsborough County,florida,12057
1432,Westside Pavilion,Los Angeles County,california,6037
1433,Westwood Mall,Jackson County,michigan,26075
1434,Westwood Shopping Center,Cumberland County,north carolina,37051
1435,Westwood Village,Kitsap County,washington,53035
1436,White Flint,Montgomery County,maryland,24031
1437,White Marsh Mall,Baltimore city,maryland,24510
1438,White Mountain Mall,Napa County,california,6055
1439,White Oaks Mall,Sangamon County,illinois,17167
1440,White Oaks Plaza,Sangamon County,illinois,17167
1441,Whittwood Town Center,Orange County,california,6059
1442,Willow Grove Park,Philadelphia County,pennsylvania,42101
1443,Willowbrook Mall,Essex County,new jersey,34013
1444,Willowbrook Mall,Harris County,texas,48201
1445,Wilson Mall,Wilson County,north carolina,37195
1446,Wilton Mall,Saratoga County,new york,36091
1447,Winston Plaza,Cook County,illinois,17031
1448,Winter Garden Villg-Fowler Groves,Lake County,florida,12069
1450,Wiregrass Commons Mall,Houston County,alabama,1069
1451,Wolf Ranch Town Center,Williamson County,texas,48491
1452,Wolfchase Galleria,Shelby County,tennessee,47157
1453,Woodbridge Center,Union County,new jersey,34039
1454,Woodburn Company Stores,Yamhill County,oregon,41071
1455,Woodbury Lakes,Washington County,minnesota,27163
1456,Woodfield Shopping Center,DuPage County,illinois,17043
1457,Woodland,Kent County,michigan,26081
1458,Woodland Hills Mall,Tulsa County,oklahoma,40143
1459,Wyoming Valley Mall,Luzerne County,pennsylvania,42079
1460,York Galleria,York County,pennsylvania,42133
1461,Yorktown Shopping Center,DuPage County,illinois,17043
1462,Yuba Sutter Mall,Sutter County,california,6101
1463,Yuba Sutter Mall,Sutter County,california,6101
1464,Yuma Palms,Yuma County,arizona,4027
1465,Zona Rosa,Platte County,missouri,29165
